,T,101_t,104_t,118_t,12_t,1_t,34_t,38_t,52_t,60_t,62_t,96_t
1,100.00,-1815746.017,-1815739.625,-1815762.097,-1815738.310,-1815755.382,-1815740.764,-1815743.709,-1815741.009,-1815762.472,-1815745.819,-1815745.539
2,105.00,-1815747.762,-1815741.339,-1815763.801,-1815740.055,-1815757.036,-1815742.522,-1815745.433,-1815742.754,-1815764.206,-1815747.567,-1815747.285
3,110.00,-1815749.531,-1815743.075,-1815765.528,-1815741.823,-1815758.712,-1815744.303,-1815747.179,-1815744.522,-1815765.963,-1815749.337,-1815749.053
4,115.00,-1815751.322,-1815744.833,-1815767.277,-1815743.613,-1815760.410,-1815746.106,-1815748.948,-1815746.313,-1815767.745,-1815751.130,-1815750.844
5,120.00,-1815753.135,-1815746.613,-1815769.049,-1815745.424,-1815762.129,-1815747.931,-1815750.738,-1815748.125,-1815769.549,-1815752.946,-1815752.657
6,125.00,-1815754.970,-1815748.415,-1815770.843,-1815747.258,-1815763.870,-1815749.777,-1815752.550,-1815749.959,-1815771.376,-1815754.784,-1815754.492
7,130.00,-1815756.827,-1815750.237,-1815772.659,-1815749.112,-1815765.632,-1815751.645,-1815754.382,-1815751.814,-1815773.225,-1815756.643,-1815756.349
8,135.00,-1815758.705,-1815752.080,-1815774.496,-1815750.987,-1815767.415,-1815753.534,-1815756.236,-1815753.690,-1815775.096,-1815758.524,-1815758.226
9,140.00,-1815760.604,-1815753.944,-1815776.354,-1815752.883,-1815769.219,-1815755.443,-1815758.110,-1815755.587,-1815776.988,-1815760.425,-1815760.124
10,145.00,-1815762.524,-1815755.829,-1815778.234,-1815754.799,-1815771.042,-1815757.373,-1815760.005,-1815757.504,-1815778.902,-1815762.348,-1815762.043
11,150.00,-1815764.465,-1815757.733,-1815780.133,-1815756.736,-1815772.886,-1815759.323,-1815761.920,-1815759.442,-1815780.837,-1815764.291,-1815763.983
12,155.00,-1815766.426,-1815759.658,-1815782.053,-1815758.693,-1815774.750,-1815761.294,-1815763.854,-1815761.400,-1815782.793,-1815766.255,-1815765.942
13,160.00,-1815768.407,-1815761.602,-1815783.994,-1815760.669,-1815776.633,-1815763.284,-1815765.809,-1815763.378,-1815784.770,-1815768.239,-1815767.922
14,165.00,-1815770.408,-1815763.566,-1815785.954,-1815762.665,-1815778.537,-1815765.294,-1815767.783,-1815765.376,-1815786.767,-1815770.244,-1815769.922
15,170.00,-1815772.429,-1815765.550,-1815787.935,-1815764.681,-1815780.459,-1815767.324,-1815769.777,-1815767.393,-1815788.784,-1815772.268,-1815771.941
16,175.00,-1815774.469,-1815767.553,-1815789.935,-1815766.717,-1815782.402,-1815769.374,-1815771.791,-1815769.431,-1815790.821,-1815774.312,-1815773.980
17,180.00,-1815776.530,-1815769.575,-1815791.955,-1815768.772,-1815784.364,-1815771.443,-1815773.824,-1815771.487,-1815792.879,-1815776.376,-1815776.039
18,185.00,-1815778.610,-1815771.617,-1815793.994,-1815770.846,-1815786.345,-1815773.532,-1815775.876,-1815773.564,-1815794.956,-1815778.459,-1815778.117
19,190.00,-1815780.709,-1815773.678,-1815796.053,-1815772.940,-1815788.345,-1815775.640,-1815777.947,-1815775.659,-1815797.053,-1815780.562,-1815780.215
20,195.00,-1815782.828,-1815775.759,-1815798.132,-1815775.053,-1815790.364,-1815777.768,-1815780.038,-1815777.774,-1815799.170,-1815782.685,-1815782.332
21,200.00,-1815784.967,-1815777.858,-1815800.229,-1815777.185,-1815792.403,-1815779.915,-1815782.148,-1815779.909,-1815801.307,-1815784.827,-1815784.468
22,205.00,-1815787.125,-1815779.977,-1815802.346,-1815779.336,-1815794.461,-1815782.081,-1815784.277,-1815782.062,-1815803.463,-1815786.988,-1815786.624
23,210.00,-1815789.302,-1815782.115,-1815804.483,-1815781.507,-1815796.538,-1815784.266,-1815786.426,-1815784.235,-1815805.638,-1815789.169,-1815788.798
24,215.00,-1815791.498,-1815784.271,-1815806.638,-1815783.696,-1815798.633,-1815786.470,-1815788.593,-1815786.427,-1815807.833,-1815791.369,-1815790.992
25,220.00,-1815793.713,-1815786.447,-1815808.813,-1815785.905,-1815800.748,-1815788.694,-1815790.779,-1815788.638,-1815810.047,-1815793.588,-1815793.206
26,225.00,-1815795.948,-1815788.642,-1815811.007,-1815788.133,-1815802.882,-1815790.936,-1815792.985,-1815790.868,-1815812.281,-1815795.827,-1815795.438
27,230.00,-1815798.202,-1815790.856,-1815813.220,-1815790.379,-1815805.035,-1815793.198,-1815795.209,-1815793.117,-1815814.534,-1815798.085,-1815797.689
28,235.00,-1815800.475,-1815793.089,-1815815.452,-1815792.645,-1815807.207,-1815795.479,-1815797.453,-1815795.386,-1815816.806,-1815800.362,-1815799.960
29,240.00,-1815802.767,-1815795.341,-1815817.703,-1815794.930,-1815809.397,-1815797.779,-1815799.715,-1815797.673,-1815819.097,-1815802.658,-1815802.249
30,245.00,-1815805.079,-1815797.612,-1815819.973,-1815797.234,-1815811.607,-1815800.098,-1815801.997,-1815799.980,-1815821.408,-1815804.973,-1815804.558
31,250.00,-1815807.409,-1815799.902,-1815822.262,-1815799.557,-1815813.836,-1815802.436,-1815804.298,-1815802.306,-1815823.737,-1815807.307,-1815806.886
32,255.00,-1815809.759,-1815802.211,-1815824.570,-1815801.898,-1815816.083,-1815804.793,-1815806.617,-1815804.650,-1815826.086,-1815809.661,-1815809.232
33,260.00,-1815812.127,-1815804.539,-1815826.897,-1815804.259,-1815818.350,-1815807.169,-1815808.956,-1815807.014,-1815828.454,-1815812.033,-1815811.598
34,265.00,-1815814.515,-1815806.886,-1815829.244,-1815806.639,-1815820.635,-1815809.564,-1815811.313,-1815809.397,-1815830.841,-1815814.425,-1815813.983
35,270.00,-1815816.922,-1815809.252,-1815831.609,-1815809.038,-1815822.940,-1815811.979,-1815813.690,-1815811.799,-1815833.248,-1815816.836,-1815816.387
36,275.00,-1815819.348,-1815811.637,-1815833.993,-1815811.456,-1815825.263,-1815814.412,-1815816.086,-1815814.220,-1815835.673,-1815819.266,-1815818.810
37,280.00,-1815821.793,-1815814.041,-1815836.396,-1815813.893,-1815827.606,-1815816.865,-1815818.501,-1815816.660,-1815838.118,-1815821.715,-1815821.252
38,285.00,-1815824.258,-1815816.464,-1815838.819,-1815816.349,-1815829.967,-1815819.336,-1815820.935,-1815819.119,-1815840.581,-1815824.183,-1815823.713
39,290.00,-1815826.741,-1815818.907,-1815841.260,-1815818.824,-1815832.347,-1815821.827,-1815823.388,-1815821.598,-1815843.064,-1815826.670,-1815826.194
40,295.00,-1815829.244,-1815821.368,-1815843.720,-1815821.318,-1815834.747,-1815824.337,-1815825.860,-1815824.095,-1815845.566,-1815829.177,-1815828.693
41,300.00,-1815831.765,-1815823.848,-1815846.199,-1815823.832,-1815837.165,-1815826.866,-1815828.351,-1815826.612,-1815848.087,-1815831.702,-1815831.212
42,305.00,-1815834.306,-1815826.348,-1815848.698,-1815826.364,-1815839.602,-1815829.414,-1815830.861,-1815829.147,-1815850.627,-1815834.247,-1815833.749
43,310.00,-1815836.866,-1815828.867,-1815851.215,-1815828.915,-1815842.059,-1815831.981,-1815833.391,-1815831.702,-1815853.186,-1815836.811,-1815836.306
44,315.00,-1815839.445,-1815831.404,-1815853.752,-1815831.486,-1815844.534,-1815834.567,-1815835.939,-1815834.276,-1815855.764,-1815839.394,-1815838.882
45,320.00,-1815842.044,-1815833.961,-1815856.307,-1815834.075,-1815847.029,-1815837.172,-1815838.507,-1815836.869,-1815858.362,-1815841.996,-1815841.477
46,325.00,-1815844.661,-1815836.537,-1815858.881,-1815836.684,-1815849.542,-1815839.797,-1815841.093,-1815839.481,-1815860.978,-1815844.617,-1815844.091
47,330.00,-1815847.298,-1815839.132,-1815861.475,-1815839.312,-1815852.075,-1815842.440,-1815843.699,-1815842.112,-1815863.614,-1815847.258,-1815846.724
48,335.00,-1815849.953,-1815841.746,-1815864.088,-1815841.959,-1815854.627,-1815845.103,-1815846.324,-1815844.763,-1815866.269,-1815849.917,-1815849.376
49,340.00,-1815852.628,-1815844.379,-1815866.719,-1815844.625,-1815857.197,-1815847.785,-1815848.968,-1815847.432,-1815868.943,-1815852.596,-1815852.048
50,345.00,-1815855.322,-1815847.032,-1815869.370,-1815847.310,-1815859.787,-1815850.486,-1815851.631,-1815850.121,-1815871.636,-1815855.293,-1815854.738
51,350.00,-1815858.036,-1815849.703,-1815872.039,-1815850.014,-1815862.396,-1815853.206,-1815854.314,-1815852.829,-1815874.348,-1815858.010,-1815857.448
52,355.00,-1815860.768,-1815852.394,-1815874.728,-1815852.737,-1815865.023,-1815855.946,-1815857.015,-1815855.556,-1815877.079,-1815860.746,-1815860.177
53,360.00,-1815863.519,-1815855.103,-1815877.436,-1815855.480,-1815867.670,-1815858.704,-1815859.736,-1815858.302,-1815879.829,-1815863.502,-1815862.925
54,365.00,-1815866.290,-1815857.832,-1815880.163,-1815858.241,-1815870.336,-1815861.481,-1815862.475,-1815861.067,-1815882.598,-1815866.276,-1815865.692
55,370.00,-1815869.080,-1815860.580,-1815882.908,-1815861.022,-1815873.021,-1815864.278,-1815865.234,-1815863.852,-1815885.387,-1815869.069,-1815868.478
56,375.00,-1815871.889,-1815863.347,-1815885.673,-1815863.822,-1815875.725,-1815867.094,-1815868.012,-1815866.655,-1815888.194,-1815871.882,-1815871.283
57,380.00,-1815874.716,-1815866.133,-1815888.457,-1815866.640,-1815878.448,-1815869.928,-1815870.809,-1815869.477,-1815891.020,-1815874.713,-1815874.108
58,385.00,-1815877.564,-1815868.938,-1815891.259,-1815869.478,-1815881.190,-1815872.782,-1815873.625,-1815872.319,-1815893.866,-1815877.564,-1815876.951
59,390.00,-1815880.430,-1815871.763,-1815894.081,-1815872.335,-1815883.951,-1815875.655,-1815876.460,-1815875.180,-1815896.730,-1815880.433,-1815879.813
60,395.00,-1815883.315,-1815874.606,-1815896.922,-1815875.211,-1815886.730,-1815878.547,-1815879.314,-1815878.059,-1815899.614,-1815883.322,-1815882.695
61,400.00,-1815886.219,-1815877.468,-1815899.781,-1815878.106,-1815889.529,-1815881.458,-1815882.187,-1815880.958,-1815902.516,-1815886.230,-1815885.595
62,405.00,-1815889.142,-1815880.350,-1815902.660,-1815881.019,-1815892.347,-1815884.388,-1815885.079,-1815883.876,-1815905.437,-1815889.156,-1815888.515
63,410.00,-1815892.084,-1815883.250,-1815905.557,-1815883.952,-1815895.184,-1815887.337,-1815887.990,-1815886.812,-1815908.378,-1815892.102,-1815891.453
64,415.00,-1815895.046,-1815886.169,-1815908.473,-1815886.904,-1815898.039,-1815890.305,-1815890.920,-1815889.768,-1815911.337,-1815895.067,-1815894.411
65,420.00,-1815898.026,-1815889.107,-1815911.409,-1815889.875,-1815900.914,-1815893.292,-1815893.870,-1815892.743,-1815914.315,-1815898.050,-1815897.387
66,425.00,-1815901.025,-1815892.065,-1815914.363,-1815892.864,-1815903.807,-1815896.298,-1815896.838,-1815895.736,-1815917.312,-1815901.053,-1815900.382
67,430.00,-1815904.043,-1815895.041,-1815917.335,-1815895.873,-1815906.719,-1815899.322,-1815899.825,-1815898.749,-1815920.328,-1815904.074,-1815903.397
68,435.00,-1815907.080,-1815898.036,-1815920.327,-1815898.900,-1815909.650,-1815902.366,-1815902.830,-1815901.780,-1815923.362,-1815907.114,-1815906.430
69,440.00,-1815910.136,-1815901.049,-1815923.337,-1815901.947,-1815912.600,-1815905.429,-1815905.855,-1815904.830,-1815926.416,-1815910.173,-1815909.482
70,445.00,-1815913.210,-1815904.082,-1815926.366,-1815905.012,-1815915.569,-1815908.510,-1815908.899,-1815907.899,-1815929.488,-1815913.251,-1815912.552
71,450.00,-1815916.304,-1815907.133,-1815929.414,-1815908.095,-1815918.556,-1815911.610,-1815911.961,-1815910.987,-1815932.579,-1815916.348,-1815915.642
72,455.00,-1815919.416,-1815910.204,-1815932.481,-1815911.198,-1815921.562,-1815914.729,-1815915.042,-1815914.094,-1815935.689,-1815919.463,-1815918.750
73,460.00,-1815922.547,-1815913.293,-1815935.566,-1815914.319,-1815924.587,-1815917.866,-1815918.142,-1815917.219,-1815938.817,-1815922.598,-1815921.877
74,465.00,-1815925.697,-1815916.400,-1815938.670,-1815917.459,-1815927.630,-1815921.023,-1815921.260,-1815920.363,-1815941.964,-1815925.750,-1815925.023
75,470.00,-1815928.865,-1815919.527,-1815941.792,-1815920.618,-1815930.692,-1815924.197,-1815924.397,-1815923.526,-1815945.130,-1815928.922,-1815928.188
76,475.00,-1815932.052,-1815922.672,-1815944.933,-1815923.795,-1815933.773,-1815927.391,-1815927.553,-1815926.707,-1815948.314,-1815932.112,-1815931.371
77,480.00,-1815935.257,-1815925.835,-1815948.092,-1815926.991,-1815936.872,-1815930.603,-1815930.728,-1815929.907,-1815951.517,-1815935.321,-1815934.572
78,485.00,-1815938.482,-1815929.017,-1815951.270,-1815930.206,-1815939.989,-1815933.834,-1815933.921,-1815933.126,-1815954.738,-1815938.548,-1815937.793
79,490.00,-1815941.724,-1815932.218,-1815954.467,-1815933.439,-1815943.126,-1815937.083,-1815937.132,-1815936.363,-1815957.978,-1815941.794,-1815941.031
80,495.00,-1815944.986,-1815935.437,-1815957.681,-1815936.690,-1815946.280,-1815940.351,-1815940.363,-1815939.618,-1815961.236,-1815945.058,-1815944.289
81,500.00,-1815948.265,-1815938.675,-1815960.915,-1815939.960,-1815949.453,-1815943.637,-1815943.611,-1815942.892,-1815964.512,-1815948.341,-1815947.564
82,505.00,-1815951.563,-1815941.931,-1815964.166,-1815943.249,-1815952.644,-1815946.942,-1815946.878,-1815946.185,-1815967.807,-1815951.642,-1815950.859
83,510.00,-1815954.880,-1815945.205,-1815967.436,-1815946.555,-1815955.854,-1815950.265,-1815950.163,-1815949.496,-1815971.121,-1815954.962,-1815954.171
84,515.00,-1815958.215,-1815948.498,-1815970.724,-1815949.880,-1815959.082,-1815953.606,-1815953.467,-1815952.825,-1815974.452,-1815958.300,-1815957.502
85,520.00,-1815961.568,-1815951.809,-1815974.031,-1815953.224,-1815962.328,-1815956.966,-1815956.789,-1815956.172,-1815977.802,-1815961.656,-1815960.851
86,525.00,-1815964.939,-1815955.139,-1815977.355,-1815956.585,-1815965.593,-1815960.344,-1815960.129,-1815959.538,-1815981.170,-1815965.030,-1815964.219
87,530.00,-1815968.329,-1815958.486,-1815980.698,-1815959.965,-1815968.875,-1815963.740,-1815963.488,-1815962.922,-1815984.556,-1815968.423,-1815967.604
88,535.00,-1815971.737,-1815961.852,-1815984.059,-1815963.363,-1815972.176,-1815967.154,-1815966.865,-1815966.324,-1815987.960,-1815971.833,-1815971.008
89,540.00,-1815975.163,-1815965.236,-1815987.438,-1815966.779,-1815975.495,-1815970.587,-1815970.259,-1815969.744,-1815991.383,-1815975.262,-1815974.430
90,545.00,-1815978.607,-1815968.638,-1815990.835,-1815970.213,-1815978.832,-1815974.037,-1815973.672,-1815973.183,-1815994.823,-1815978.709,-1815977.870
91,550.00,-1815982.069,-1815972.058,-1815994.249,-1815973.665,-1815982.187,-1815977.506,-1815977.103,-1815976.639,-1815998.282,-1815982.174,-1815981.328
92,555.00,-1815985.549,-1815975.496,-1815997.682,-1815977.136,-1815985.560,-1815980.992,-1815980.552,-1815980.113,-1816001.758,-1815985.657,-1815984.804
93,560.00,-1815989.047,-1815978.952,-1816001.133,-1815980.624,-1815988.950,-1815984.497,-1815984.019,-1815983.605,-1816005.252,-1815989.158,-1815988.298
94,565.00,-1815992.563,-1815982.426,-1816004.601,-1815984.130,-1815992.359,-1815988.019,-1815987.504,-1815987.116,-1816008.764,-1815992.676,-1815991.810
95,570.00,-1815996.097,-1815985.918,-1816008.088,-1815987.654,-1815995.785,-1815991.559,-1815991.007,-1815990.644,-1816012.294,-1815996.213,-1815995.339
96,575.00,-1815999.648,-1815989.428,-1816011.592,-1815991.195,-1815999.229,-1815995.117,-1815994.527,-1815994.190,-1816015.842,-1815999.767,-1815998.887
97,580.00,-1816003.218,-1815992.955,-1816015.114,-1815994.755,-1816002.691,-1815998.693,-1815998.065,-1815997.753,-1816019.407,-1816003.339,-1816002.452
98,585.00,-1816006.805,-1815996.500,-1816018.653,-1815998.332,-1816006.171,-1816002.286,-1816001.621,-1816001.334,-1816022.990,-1816006.929,-1816006.035
99,590.00,-1816010.410,-1816000.063,-1816022.210,-1816001.927,-1816009.668,-1816005.898,-1816005.195,-1816004.933,-1816026.591,-1816010.537,-1816009.636
100,595.00,-1816014.032,-1816003.643,-1816025.785,-1816005.539,-1816013.183,-1816009.526,-1816008.786,-1816008.550,-1816030.209,-1816014.162,-1816013.254
101,600.00,-1816017.672,-1816007.241,-1816029.377,-1816009.169,-1816016.715,-1816013.173,-1816012.395,-1816012.184,-1816033.845,-1816017.804,-1816016.890
102,605.00,-1816021.329,-1816010.857,-1816032.987,-1816012.816,-1816020.265,-1816016.836,-1816016.021,-1816015.836,-1816037.498,-1816021.465,-1816020.543
103,610.00,-1816025.004,-1816014.490,-1816036.614,-1816016.481,-1816023.833,-1816020.518,-1816019.665,-1816019.505,-1816041.169,-1816025.142,-1816024.214
104,615.00,-1816028.697,-1816018.140,-1816040.258,-1816020.164,-1816027.417,-1816024.217,-1816023.326,-1816023.192,-1816044.857,-1816028.837,-1816027.902
105,620.00,-1816032.407,-1816021.808,-1816043.920,-1816023.864,-1816031.019,-1816027.933,-1816027.005,-1816026.896,-1816048.562,-1816032.550,-1816031.608
106,625.00,-1816036.134,-1816025.493,-1816047.599,-1816027.581,-1816034.639,-1816031.666,-1816030.701,-1816030.617,-1816052.285,-1816036.279,-1816035.331
107,630.00,-1816039.878,-1816029.195,-1816051.295,-1816031.315,-1816038.275,-1816035.417,-1816034.414,-1816034.355,-1816056.025,-1816040.026,-1816039.071
108,635.00,-1816043.640,-1816032.915,-1816055.009,-1816035.067,-1816041.929,-1816039.185,-1816038.145,-1816038.111,-1816059.782,-1816043.790,-1816042.829
109,640.00,-1816047.419,-1816036.652,-1816058.739,-1816038.835,-1816045.600,-1816042.970,-1816041.893,-1816041.884,-1816063.556,-1816047.572,-1816046.603
110,645.00,-1816051.215,-1816040.406,-1816062.487,-1816042.621,-1816049.288,-1816046.772,-1816045.657,-1816045.674,-1816067.348,-1816051.370,-1816050.395
111,650.00,-1816055.028,-1816044.177,-1816066.252,-1816046.424,-1816052.993,-1816050.591,-1816049.439,-1816049.482,-1816071.156,-1816055.186,-1816054.204
112,655.00,-1816058.858,-1816047.965,-1816070.033,-1816050.244,-1816056.715,-1816054.428,-1816053.238,-1816053.306,-1816074.981,-1816059.018,-1816058.030
113,660.00,-1816062.705,-1816051.770,-1816073.832,-1816054.081,-1816060.454,-1816058.281,-1816057.054,-1816057.147,-1816078.824,-1816062.868,-1816061.873
114,665.00,-1816066.569,-1816055.592,-1816077.648,-1816057.935,-1816064.210,-1816062.151,-1816060.887,-1816061.005,-1816082.683,-1816066.734,-1816065.733
115,670.00,-1816070.449,-1816059.431,-1816081.480,-1816061.806,-1816067.983,-1816066.038,-1816064.737,-1816064.880,-1816086.559,-1816070.618,-1816069.609
116,675.00,-1816074.347,-1816063.286,-1816085.329,-1816065.693,-1816071.772,-1816069.942,-1816068.603,-1816068.772,-1816090.452,-1816074.518,-1816073.503
117,680.00,-1816078.262,-1816067.159,-1816089.195,-1816069.597,-1816075.579,-1816073.863,-1816072.487,-1816072.680,-1816094.362,-1816078.435,-1816077.413
118,685.00,-1816082.193,-1816071.048,-1816093.078,-1816073.518,-1816079.402,-1816077.800,-1816076.387,-1816076.606,-1816098.288,-1816082.368,-1816081.340
119,690.00,-1816086.141,-1816074.954,-1816096.977,-1816077.456,-1816083.241,-1816081.754,-1816080.303,-1816080.548,-1816102.231,-1816086.318,-1816085.284
120,695.00,-1816090.105,-1816078.876,-1816100.893,-1816081.411,-1816087.098,-1816085.725,-1816084.237,-1816084.506,-1816106.190,-1816090.285,-1816089.244
121,700.00,-1816094.086,-1816082.815,-1816104.825,-1816085.381,-1816090.971,-1816089.712,-1816088.187,-1816088.481,-1816110.166,-1816094.269,-1816093.221
122,705.00,-1816098.084,-1816086.771,-1816108.774,-1816089.369,-1816094.860,-1816093.716,-1816092.153,-1816092.473,-1816114.159,-1816098.269,-1816097.214
123,710.00,-1816102.098,-1816090.743,-1816112.739,-1816093.373,-1816098.766,-1816097.736,-1816096.136,-1816096.481,-1816118.168,-1816102.285,-1816101.224
124,715.00,-1816106.129,-1816094.732,-1816116.721,-1816097.393,-1816102.688,-1816101.773,-1816100.136,-1816100.506,-1816122.193,-1816106.318,-1816105.250
125,720.00,-1816110.175,-1816098.737,-1816120.719,-1816101.430,-1816106.626,-1816105.826,-1816104.151,-1816104.547,-1816126.235,-1816110.367,-1816109.293
126,725.00,-1816114.239,-1816102.758,-1816124.733,-1816105.483,-1816110.581,-1816109.896,-1816108.184,-1816108.604,-1816130.293,-1816114.433,-1816113.352
127,730.00,-1816118.318,-1816106.795,-1816128.764,-1816109.552,-1816114.552,-1816113.981,-1816112.232,-1816112.678,-1816134.368,-1816118.515,-1816117.427
128,735.00,-1816122.414,-1816110.849,-1816132.810,-1816113.638,-1816118.540,-1816118.083,-1816116.297,-1816116.767,-1816138.458,-1816122.613,-1816121.519
129,740.00,-1816126.526,-1816114.919,-1816136.873,-1816117.739,-1816122.543,-1816122.201,-1816120.377,-1816120.873,-1816142.565,-1816126.727,-1816125.627
130,745.00,-1816130.654,-1816119.005,-1816140.952,-1816121.857,-1816126.563,-1816126.335,-1816124.474,-1816124.995,-1816146.687,-1816130.857,-1816129.750
131,750.00,-1816134.798,-1816123.107,-1816145.047,-1816125.991,-1816130.599,-1816130.486,-1816128.587,-1816129.134,-1816150.826,-1816135.003,-1816133.890
132,755.00,-1816138.958,-1816127.225,-1816149.158,-1816130.141,-1816134.650,-1816134.652,-1816132.716,-1816133.288,-1816154.981,-1816139.166,-1816138.046
133,760.00,-1816143.134,-1816131.360,-1816153.285,-1816134.307,-1816138.718,-1816138.834,-1816136.861,-1816137.458,-1816159.152,-1816143.344,-1816142.218
134,765.00,-1816147.326,-1816135.510,-1816157.428,-1816138.489,-1816142.801,-1816143.032,-1816141.022,-1816141.644,-1816163.339,-1816147.538,-1816146.406
135,770.00,-1816151.534,-1816139.676,-1816161.587,-1816142.686,-1816146.901,-1816147.246,-1816145.199,-1816145.846,-1816167.541,-1816151.749,-1816150.610
136,775.00,-1816155.758,-1816143.857,-1816165.762,-1816146.900,-1816151.016,-1816151.476,-1816149.392,-1816150.064,-1816171.759,-1816155.975,-1816154.829
137,780.00,-1816159.998,-1816148.055,-1816169.952,-1816151.129,-1816155.147,-1816155.722,-1816153.600,-1816154.297,-1816175.994,-1816160.216,-1816159.064
138,785.00,-1816164.253,-1816152.268,-1816174.158,-1816155.374,-1816159.294,-1816159.983,-1816157.825,-1816158.547,-1816180.243,-1816164.474,-1816163.316
139,790.00,-1816168.524,-1816156.497,-1816178.380,-1816159.635,-1816163.456,-1816164.260,-1816162.064,-1816162.812,-1816184.509,-1816168.747,-1816167.582
140,795.00,-1816172.811,-1816160.742,-1816182.617,-1816163.911,-1816167.634,-1816168.553,-1816166.320,-1816167.092,-1816188.790,-1816173.036,-1816171.865
141,800.00,-1816177.113,-1816165.002,-1816186.870,-1816168.203,-1816171.828,-1816172.861,-1816170.591,-1816171.388,-1816193.087,-1816177.340,-1816176.163
142,805.00,-1816181.431,-1816169.278,-1816191.138,-1816172.511,-1816176.037,-1816177.185,-1816174.878,-1816175.700,-1816197.399,-1816181.660,-1816180.476
143,810.00,-1816185.764,-1816173.569,-1816195.422,-1816176.834,-1816180.261,-1816181.525,-1816179.180,-1816180.027,-1816201.726,-1816185.995,-1816184.805
144,815.00,-1816190.113,-1816177.876,-1816199.722,-1816181.172,-1816184.501,-1816185.879,-1816183.498,-1816184.370,-1816206.069,-1816190.346,-1816189.150
145,820.00,-1816194.477,-1816182.198,-1816204.036,-1816185.526,-1816188.757,-1816190.249,-1816187.831,-1816188.728,-1816210.428,-1816194.713,-1816193.509
146,825.00,-1816198.857,-1816186.536,-1816208.366,-1816189.895,-1816193.028,-1816194.635,-1816192.179,-1816193.101,-1816214.802,-1816199.094,-1816197.885
147,830.00,-1816203.251,-1816190.889,-1816212.711,-1816194.280,-1816197.314,-1816199.036,-1816196.543,-1816197.490,-1816219.191,-1816203.491,-1816202.275
148,835.00,-1816207.662,-1816195.257,-1816217.072,-1816198.679,-1816201.615,-1816203.452,-1816200.922,-1816201.894,-1816223.595,-1816207.903,-1816206.681
149,840.00,-1816212.087,-1816199.640,-1816221.448,-1816203.094,-1816205.931,-1816207.883,-1816205.316,-1816206.313,-1816228.014,-1816212.330,-1816211.102
150,845.00,-1816216.527,-1816204.038,-1816225.839,-1816207.524,-1816210.263,-1816212.329,-1816209.725,-1816210.748,-1816232.449,-1816216.773,-1816215.538
151,850.00,-1816220.983,-1816208.452,-1816230.244,-1816211.969,-1816214.610,-1816216.791,-1816214.149,-1816215.197,-1816236.899,-1816221.230,-1816219.989
152,855.00,-1816225.453,-1816212.881,-1816234.666,-1816216.430,-1816218.971,-1816221.268,-1816218.589,-1816219.662,-1816241.364,-1816225.703,-1816224.456
153,860.00,-1816229.939,-1816217.324,-1816239.102,-1816220.905,-1816223.348,-1816225.759,-1816223.043,-1816224.141,-1816245.843,-1816230.191,-1816228.937
154,865.00,-1816234.440,-1816221.783,-1816243.552,-1816225.395,-1816227.740,-1816230.266,-1816227.513,-1816228.636,-1816250.338,-1816234.693,-1816233.433
155,870.00,-1816238.955,-1816226.257,-1816248.018,-1816229.900,-1816232.147,-1816234.787,-1816231.997,-1816233.145,-1816254.848,-1816239.211,-1816237.945
156,875.00,-1816243.486,-1816230.745,-1816252.499,-1816234.420,-1816236.568,-1816239.324,-1816236.497,-1816237.669,-1816259.372,-1816243.743,-1816242.471
157,880.00,-1816248.031,-1816235.248,-1816256.995,-1816238.955,-1816241.004,-1816243.875,-1816241.011,-1816242.209,-1816263.912,-1816248.291,-1816247.012
158,885.00,-1816252.591,-1816239.766,-1816261.505,-1816243.505,-1816245.456,-1816248.441,-1816245.540,-1816246.762,-1816268.466,-1816252.853,-1816251.567
159,890.00,-1816257.166,-1816244.299,-1816266.030,-1816248.069,-1816249.922,-1816253.022,-1816250.083,-1816251.331,-1816273.035,-1816257.429,-1816256.138
160,895.00,-1816261.756,-1816248.847,-1816270.570,-1816252.648,-1816254.402,-1816257.617,-1816254.642,-1816255.915,-1816277.618,-1816262.021,-1816260.723
161,900.00,-1816266.360,-1816253.409,-1816275.124,-1816257.242,-1816258.897,-1816262.227,-1816259.215,-1816260.513,-1816282.216,-1816266.627,-1816265.323
162,905.00,-1816270.979,-1816257.986,-1816279.693,-1816261.851,-1816263.407,-1816266.852,-1816263.803,-1816265.125,-1816286.829,-1816271.248,-1816269.938
163,910.00,-1816275.612,-1816262.577,-1816284.277,-1816266.474,-1816267.932,-1816271.491,-1816268.405,-1816269.752,-1816291.456,-1816275.883,-1816274.567
164,915.00,-1816280.260,-1816267.183,-1816288.875,-1816271.111,-1816272.470,-1816276.145,-1816273.022,-1816274.394,-1816296.098,-1816280.533,-1816279.210
165,920.00,-1816284.922,-1816271.804,-1816293.487,-1816275.763,-1816277.024,-1816280.813,-1816277.653,-1816279.050,-1816300.754,-1816285.197,-1816283.868
166,925.00,-1816289.599,-1816276.438,-1816298.114,-1816280.429,-1816281.592,-1816285.496,-1816282.299,-1816283.721,-1816305.425,-1816289.876,-1816288.541
167,930.00,-1816294.291,-1816281.088,-1816302.756,-1816285.110,-1816286.174,-1816290.193,-1816286.959,-1816288.406,-1816310.110,-1816294.569,-1816293.228
168,935.00,-1816298.996,-1816285.751,-1816307.411,-1816289.805,-1816290.770,-1816294.904,-1816291.633,-1816293.105,-1816314.810,-1816299.277,-1816297.929
169,940.00,-1816303.716,-1816290.429,-1816312.081,-1816294.515,-1816295.381,-1816299.630,-1816296.322,-1816297.819,-1816319.523,-1816303.998,-1816302.645
170,945.00,-1816308.450,-1816295.121,-1816316.766,-1816299.238,-1816300.006,-1816304.370,-1816301.025,-1816302.547,-1816324.251,-1816308.734,-1816307.375
171,950.00,-1816313.199,-1816299.828,-1816321.464,-1816303.976,-1816304.645,-1816309.124,-1816305.742,-1816307.289,-1816328.994,-1816313.485,-1816312.119
172,955.00,-1816317.961,-1816304.548,-1816326.177,-1816308.728,-1816309.299,-1816313.893,-1816310.474,-1816312.045,-1816333.750,-1816318.249,-1816316.877
173,960.00,-1816322.738,-1816309.283,-1816330.903,-1816313.494,-1816313.966,-1816318.675,-1816315.219,-1816316.816,-1816338.520,-1816323.028,-1816321.649
174,965.00,-1816327.529,-1816314.032,-1816335.644,-1816318.275,-1816318.648,-1816323.472,-1816319.979,-1816321.600,-1816343.305,-1816327.820,-1816326.436
175,970.00,-1816332.334,-1816318.795,-1816340.399,-1816323.069,-1816323.344,-1816328.283,-1816324.752,-1816326.399,-1816348.104,-1816332.627,-1816331.236
176,975.00,-1816337.153,-1816323.572,-1816345.168,-1816327.877,-1816328.053,-1816333.107,-1816329.540,-1816331.212,-1816352.916,-1816337.447,-1816336.051
177,980.00,-1816341.985,-1816328.362,-1816349.951,-1816332.700,-1816332.777,-1816337.946,-1816334.342,-1816336.038,-1816357.743,-1816342.282,-1816340.879
178,985.00,-1816346.832,-1816333.167,-1816354.747,-1816337.536,-1816337.515,-1816342.798,-1816339.157,-1816340.879,-1816362.583,-1816347.131,-1816345.722
179,990.00,-1816351.693,-1816337.986,-1816359.558,-1816342.386,-1816342.266,-1816347.665,-1816343.987,-1816345.733,-1816367.437,-1816351.993,-1816350.578
180,995.00,-1816356.567,-1816342.818,-1816364.382,-1816347.250,-1816347.031,-1816352.545,-1816348.830,-1816350.601,-1816372.305,-1816356.869,-1816355.448
181,1000.00,-1816361.456,-1816347.664,-1816369.221,-1816352.128,-1816351.810,-1816357.439,-1816353.687,-1816355.483,-1816377.187,-1816361.759,-1816360.332
