;T;101_t;104_t;118_t;12_t;1_t;34_t;38_t;52_t;60_t;62_t;96_t;;101_t;104_t;118_t;12_t;1_t;34_t;38_t;52_t;60_t;62_t;96_t;;101_t;104_t;118_t;12_t;1_t;34_t;38_t;52_t;60_t;62_t;96_t;;;101_t;104_t;118_t;12_t;1_t;34_t;38_t;52_t;60_t;62_t;96_t
1;100;-1815746.017;-1815746.017;-1815746.017;-1815746.017;-1815746.017;-1815746.017;-1815746.017;-1815746.017;-1815746.017;-1815746.017;-1815746.017;;0;0;0;0;0;0;0;0;0;0;0;;1;1;1;1;1;1;1;1;1;1;1;11;;9.09%;9.09%;9.09%;9.09%;9.09%;9.09%;9.09%;9.09%;9.09%;9.09%;9.09%
2;105;-1815747.762;-1815747.762;-1815747.762;-1815747.762;-1815747.762;-1815747.762;-1815747.762;-1815747.762;-1815747.762;-1815747.762;-1815747.762;;;;;;;;;;;;;;;;;;;;;;;;;;;;;;;;;;;;;
3;110;-1815749.531;-1815749.531;-1815749.531;-1815749.531;-1815749.531;-1815749.531;-1815749.531;-1815749.531;-1815749.531;-1815749.531;-1815749.531;;;;;;;;;;;;;;;;;;;;;;;;;;;;;;;;;;;;;
4;115;-1815751.322;-1815751.322;-1815751.322;-1815751.322;-1815751.322;-1815751.322;-1815751.322;-1815751.322;-1815751.322;-1815751.322;-1815751.322;;;;;;;;;;;;;;;;;;;;;;;;;;;;;;;;;;;;;
5;120;-1815753.135;-1815753.135;-1815753.135;-1815753.135;-1815753.135;-1815753.135;-1815753.135;-1815753.135;-1815753.135;-1815753.135;-1815753.135;;;;;;;;;;;;;;;;;;;;;;;;;;;;;;;;;;;;;
6;125;-1815754.97;-1815754.97;-1815754.97;-1815754.97;-1815754.97;-1815754.97;-1815754.97;-1815754.97;-1815754.97;-1815754.97;-1815754.97;;;;;;;;;;;;;;;;;;;;;;;;;;;;;;;;;;;;;
7;130;-1815756.827;-1815756.827;-1815756.827;-1815756.827;-1815756.827;-1815756.827;-1815756.827;-1815756.827;-1815756.827;-1815756.827;-1815756.827;;;;;;;;;;;;;;;;;;;;;;;;;;;;;;;;;;;;;
8;135;-1815758.705;-1815758.705;-1815758.705;-1815758.705;-1815758.705;-1815758.705;-1815758.705;-1815758.705;-1815758.705;-1815758.705;-1815758.705;;;;;;;;;;;;;;;;;;;;;;;;;;;;;;;;;;;;;
9;140;-1815760.604;-1815760.604;-1815760.604;-1815760.604;-1815760.604;-1815760.604;-1815760.604;-1815760.604;-1815760.604;-1815760.604;-1815760.604;;;;;;;;;;;;;;;;;;;;;;;;;;;;;;;;;;;;;
10;145;-1815762.524;-1815762.524;-1815762.524;-1815762.524;-1815762.524;-1815762.524;-1815762.524;-1815762.524;-1815762.524;-1815762.524;-1815762.524;;;;;;;;;;;;;;;;;;;;;;;;;;;;;;;;;;;;;
11;150;-1815764.465;-1815764.465;-1815764.465;-1815764.465;-1815764.465;-1815764.465;-1815764.465;-1815764.465;-1815764.465;-1815764.465;-1815764.465;;;;;;;;;;;;;;;;;;;;;;;;;;;;;;;;;;;;;
12;155;-1815766.426;-1815766.426;-1815766.426;-1815766.426;-1815766.426;-1815766.426;-1815766.426;-1815766.426;-1815766.426;-1815766.426;-1815766.426;;;;;;;;;;;;;;;;;;;;;;;;;;;;;;;;;;;;;
13;160;-1815768.407;-1815768.407;-1815768.407;-1815768.407;-1815768.407;-1815768.407;-1815768.407;-1815768.407;-1815768.407;-1815768.407;-1815768.407;;;;;;;;;;;;;;;;;;;;;;;;;;;;;;;;;;;;;
14;165;-1815770.408;-1815770.408;-1815770.408;-1815770.408;-1815770.408;-1815770.408;-1815770.408;-1815770.408;-1815770.408;-1815770.408;-1815770.408;;;;;;;;;;;;;;;;;;;;;;;;;;;;;;;;;;;;;
15;170;-1815772.429;-1815772.429;-1815772.429;-1815772.429;-1815772.429;-1815772.429;-1815772.429;-1815772.429;-1815772.429;-1815772.429;-1815772.429;;;;;;;;;;;;;;;;;;;;;;;;;;;;;;;;;;;;;
16;175;-1815774.469;-1815774.469;-1815774.469;-1815774.469;-1815774.469;-1815774.469;-1815774.469;-1815774.469;-1815774.469;-1815774.469;-1815774.469;;;;;;;;;;;;;;;;;;;;;;;;;;;;;;;;;;;;;
17;180;-1815776.53;-1815776.53;-1815776.53;-1815776.53;-1815776.53;-1815776.53;-1815776.53;-1815776.53;-1815776.53;-1815776.53;-1815776.53;;;;;;;;;;;;;;;;;;;;;;;;;;;;;;;;;;;;;
18;185;-1815778.61;-1815778.61;-1815778.61;-1815778.61;-1815778.61;-1815778.61;-1815778.61;-1815778.61;-1815778.61;-1815778.61;-1815778.61;;;;;;;;;;;;;;;;;;;;;;;;;;;;;;;;;;;;;
19;190;-1815780.709;-1815780.709;-1815780.709;-1815780.709;-1815780.709;-1815780.709;-1815780.709;-1815780.709;-1815780.709;-1815780.709;-1815780.709;;;;;;;;;;;;;;;;;;;;;;;;;;;;;;;;;;;;;
20;195;-1815782.828;-1815782.828;-1815782.828;-1815782.828;-1815782.828;-1815782.828;-1815782.828;-1815782.828;-1815782.828;-1815782.828;-1815782.828;;;;;;;;;;;;;;;;;;;;;;;;;;;;;;;;;;;;;
21;200;-1815784.967;-1815784.967;-1815784.967;-1815784.967;-1815784.967;-1815784.967;-1815784.967;-1815784.967;-1815784.967;-1815784.967;-1815784.967;;;;;;;;;;;;;;;;;;;;;;;;;;;;;;;;;;;;;
22;205;-1815787.125;-1815787.125;-1815787.125;-1815787.125;-1815787.125;-1815787.125;-1815787.125;-1815787.125;-1815787.125;-1815787.125;-1815787.125;;;;;;;;;;;;;;;;;;;;;;;;;;;;;;;;;;;;;
23;210;-1815789.302;-1815789.302;-1815789.302;-1815789.302;-1815789.302;-1815789.302;-1815789.302;-1815789.302;-1815789.302;-1815789.302;-1815789.302;;;;;;;;;;;;;;;;;;;;;;;;;;;;;;;;;;;;;
24;215;-1815791.498;-1815791.498;-1815791.498;-1815791.498;-1815791.498;-1815791.498;-1815791.498;-1815791.498;-1815791.498;-1815791.498;-1815791.498;;;;;;;;;;;;;;;;;;;;;;;;;;;;;;;;;;;;;
25;220;-1815793.713;-1815793.713;-1815793.713;-1815793.713;-1815793.713;-1815793.713;-1815793.713;-1815793.713;-1815793.713;-1815793.713;-1815793.713;;;;;;;;;;;;;;;;;;;;;;;;;;;;;;;;;;;;;
26;225;-1815795.948;-1815795.948;-1815795.948;-1815795.948;-1815795.948;-1815795.948;-1815795.948;-1815795.948;-1815795.948;-1815795.948;-1815795.948;;;;;;;;;;;;;;;;;;;;;;;;;;;;;;;;;;;;;
27;230;-1815798.202;-1815798.202;-1815798.202;-1815798.202;-1815798.202;-1815798.202;-1815798.202;-1815798.202;-1815798.202;-1815798.202;-1815798.202;;;;;;;;;;;;;;;;;;;;;;;;;;;;;;;;;;;;;
28;235;-1815800.475;-1815800.475;-1815800.475;-1815800.475;-1815800.475;-1815800.475;-1815800.475;-1815800.475;-1815800.475;-1815800.475;-1815800.475;;;;;;;;;;;;;;;;;;;;;;;;;;;;;;;;;;;;;
29;240;-1815802.767;-1815802.767;-1815802.767;-1815802.767;-1815802.767;-1815802.767;-1815802.767;-1815802.767;-1815802.767;-1815802.767;-1815802.767;;;;;;;;;;;;;;;;;;;;;;;;;;;;;;;;;;;;;
30;245;-1815805.079;-1815805.079;-1815805.079;-1815805.079;-1815805.079;-1815805.079;-1815805.079;-1815805.079;-1815805.079;-1815805.079;-1815805.079;;;;;;;;;;;;;;;;;;;;;;;;;;;;;;;;;;;;;
31;250;-1815807.409;-1815807.409;-1815807.409;-1815807.409;-1815807.409;-1815807.409;-1815807.409;-1815807.409;-1815807.409;-1815807.409;-1815807.409;;;;;;;;;;;;;;;;;;;;;;;;;;;;;;;;;;;;;
32;255;-1815809.759;-1815809.759;-1815809.759;-1815809.759;-1815809.759;-1815809.759;-1815809.759;-1815809.759;-1815809.759;-1815809.759;-1815809.759;;;;;;;;;;;;;;;;;;;;;;;;;;;;;;;;;;;;;
33;260;-1815812.127;-1815812.127;-1815812.127;-1815812.127;-1815812.127;-1815812.127;-1815812.127;-1815812.127;-1815812.127;-1815812.127;-1815812.127;;;;;;;;;;;;;;;;;;;;;;;;;;;;;;;;;;;;;
34;265;-1815814.515;-1815814.515;-1815814.515;-1815814.515;-1815814.515;-1815814.515;-1815814.515;-1815814.515;-1815814.515;-1815814.515;-1815814.515;;;;;;;;;;;;;;;;;;;;;;;;;;;;;;;;;;;;;
35;270;-1815816.922;-1815816.922;-1815816.922;-1815816.922;-1815816.922;-1815816.922;-1815816.922;-1815816.922;-1815816.922;-1815816.922;-1815816.922;;;;;;;;;;;;;;;;;;;;;;;;;;;;;;;;;;;;;
36;275;-1815819.348;-1815819.348;-1815819.348;-1815819.348;-1815819.348;-1815819.348;-1815819.348;-1815819.348;-1815819.348;-1815819.348;-1815819.348;;;;;;;;;;;;;;;;;;;;;;;;;;;;;;;;;;;;;
37;280;-1815821.793;-1815821.793;-1815821.793;-1815821.793;-1815821.793;-1815821.793;-1815821.793;-1815821.793;-1815821.793;-1815821.793;-1815821.793;;;;;;;;;;;;;;;;;;;;;;;;;;;;;;;;;;;;;
38;285;-1815824.258;-1815824.258;-1815824.258;-1815824.258;-1815824.258;-1815824.258;-1815824.258;-1815824.258;-1815824.258;-1815824.258;-1815824.258;;;;;;;;;;;;;;;;;;;;;;;;;;;;;;;;;;;;;
39;290;-1815826.741;-1815826.741;-1815826.741;-1815826.741;-1815826.741;-1815826.741;-1815826.741;-1815826.741;-1815826.741;-1815826.741;-1815826.741;;;;;;;;;;;;;;;;;;;;;;;;;;;;;;;;;;;;;
40;295;-1815829.244;-1815829.244;-1815829.244;-1815829.244;-1815829.244;-1815829.244;-1815829.244;-1815829.244;-1815829.244;-1815829.244;-1815829.244;;;;;;;;;;;;;;;;;;;;;;;;;;;;;;;;;;;;;
41;300;-1815831.765;-1815831.765;-1815831.765;-1815831.765;-1815831.765;-1815831.765;-1815831.765;-1815831.765;-1815831.765;-1815831.765;-1815831.765;;;;;;;;;;;;;;;;;;;;;;;;;;;;;;;;;;;;;
42;305;-1815834.306;-1815834.306;-1815834.306;-1815834.306;-1815834.306;-1815834.306;-1815834.306;-1815834.306;-1815834.306;-1815834.306;-1815834.306;;;;;;;;;;;;;;;;;;;;;;;;;;;;;;;;;;;;;
43;310;-1815836.866;-1815836.866;-1815836.866;-1815836.866;-1815836.866;-1815836.866;-1815836.866;-1815836.866;-1815836.866;-1815836.866;-1815836.866;;;;;;;;;;;;;;;;;;;;;;;;;;;;;;;;;;;;;
44;315;-1815839.445;-1815839.445;-1815839.445;-1815839.445;-1815839.445;-1815839.445;-1815839.445;-1815839.445;-1815839.445;-1815839.445;-1815839.445;;;;;;;;;;;;;;;;;;;;;;;;;;;;;;;;;;;;;
45;320;-1815842.044;-1815842.044;-1815842.044;-1815842.044;-1815842.044;-1815842.044;-1815842.044;-1815842.044;-1815842.044;-1815842.044;-1815842.044;;;;;;;;;;;;;;;;;;;;;;;;;;;;;;;;;;;;;
46;325;-1815844.661;-1815844.661;-1815844.661;-1815844.661;-1815844.661;-1815844.661;-1815844.661;-1815844.661;-1815844.661;-1815844.661;-1815844.661;;;;;;;;;;;;;;;;;;;;;;;;;;;;;;;;;;;;;
47;330;-1815847.298;-1815847.298;-1815847.298;-1815847.298;-1815847.298;-1815847.298;-1815847.298;-1815847.298;-1815847.298;-1815847.298;-1815847.298;;;;;;;;;;;;;;;;;;;;;;;;;;;;;;;;;;;;;
48;335;-1815849.953;-1815849.953;-1815849.953;-1815849.953;-1815849.953;-1815849.953;-1815849.953;-1815849.953;-1815849.953;-1815849.953;-1815849.953;;;;;;;;;;;;;;;;;;;;;;;;;;;;;;;;;;;;;
49;340;-1815852.628;-1815852.628;-1815852.628;-1815852.628;-1815852.628;-1815852.628;-1815852.628;-1815852.628;-1815852.628;-1815852.628;-1815852.628;;;;;;;;;;;;;;;;;;;;;;;;;;;;;;;;;;;;;
50;345;-1815855.322;-1815855.322;-1815855.322;-1815855.322;-1815855.322;-1815855.322;-1815855.322;-1815855.322;-1815855.322;-1815855.322;-1815855.322;;;;;;;;;;;;;;;;;;;;;;;;;;;;;;;;;;;;;
51;350;-1815858.036;-1815858.036;-1815858.036;-1815858.036;-1815858.036;-1815858.036;-1815858.036;-1815858.036;-1815858.036;-1815858.036;-1815858.036;;;;;;;;;;;;;;;;;;;;;;;;;;;;;;;;;;;;;
52;355;-1815860.768;-1815860.768;-1815860.768;-1815860.768;-1815860.768;-1815860.768;-1815860.768;-1815860.768;-1815860.768;-1815860.768;-1815860.768;;;;;;;;;;;;;;;;;;;;;;;;;;;;;;;;;;;;;
53;360;-1815863.519;-1815863.519;-1815863.519;-1815863.519;-1815863.519;-1815863.519;-1815863.519;-1815863.519;-1815863.519;-1815863.519;-1815863.519;;;;;;;;;;;;;;;;;;;;;;;;;;;;;;;;;;;;;
54;365;-1815866.29;-1815866.29;-1815866.29;-1815866.29;-1815866.29;-1815866.29;-1815866.29;-1815866.29;-1815866.29;-1815866.29;-1815866.29;;;;;;;;;;;;;;;;;;;;;;;;;;;;;;;;;;;;;
55;370;-1815869.08;-1815869.08;-1815869.08;-1815869.08;-1815869.08;-1815869.08;-1815869.08;-1815869.08;-1815869.08;-1815869.08;-1815869.08;;;;;;;;;;;;;;;;;;;;;;;;;;;;;;;;;;;;;
56;375;-1815871.889;-1815871.889;-1815871.889;-1815871.889;-1815871.889;-1815871.889;-1815871.889;-1815871.889;-1815871.889;-1815871.889;-1815871.889;;;;;;;;;;;;;;;;;;;;;;;;;;;;;;;;;;;;;
57;380;-1815874.716;-1815874.716;-1815874.716;-1815874.716;-1815874.716;-1815874.716;-1815874.716;-1815874.716;-1815874.716;-1815874.716;-1815874.716;;;;;;;;;;;;;;;;;;;;;;;;;;;;;;;;;;;;;
58;385;-1815877.564;-1815877.564;-1815877.564;-1815877.564;-1815877.564;-1815877.564;-1815877.564;-1815877.564;-1815877.564;-1815877.564;-1815877.564;;;;;;;;;;;;;;;;;;;;;;;;;;;;;;;;;;;;;
59;390;-1815880.43;-1815880.43;-1815880.43;-1815880.43;-1815880.43;-1815880.43;-1815880.43;-1815880.43;-1815880.43;-1815880.43;-1815880.43;;;;;;;;;;;;;;;;;;;;;;;;;;;;;;;;;;;;;
60;395;-1815883.315;-1815883.315;-1815883.315;-1815883.315;-1815883.315;-1815883.315;-1815883.315;-1815883.315;-1815883.315;-1815883.315;-1815883.315;;;;;;;;;;;;;;;;;;;;;;;;;;;;;;;;;;;;;
61;400;-1815886.219;-1815886.219;-1815886.219;-1815886.219;-1815886.219;-1815886.219;-1815886.219;-1815886.219;-1815886.219;-1815886.219;-1815886.219;;;;;;;;;;;;;;;;;;;;;;;;;;;;;;;;;;;;;
62;405;-1815889.142;-1815889.142;-1815889.142;-1815889.142;-1815889.142;-1815889.142;-1815889.142;-1815889.142;-1815889.142;-1815889.142;-1815889.142;;;;;;;;;;;;;;;;;;;;;;;;;;;;;;;;;;;;;
63;410;-1815892.084;-1815892.084;-1815892.084;-1815892.084;-1815892.084;-1815892.084;-1815892.084;-1815892.084;-1815892.084;-1815892.084;-1815892.084;;;;;;;;;;;;;;;;;;;;;;;;;;;;;;;;;;;;;
64;415;-1815895.046;-1815895.046;-1815895.046;-1815895.046;-1815895.046;-1815895.046;-1815895.046;-1815895.046;-1815895.046;-1815895.046;-1815895.046;;;;;;;;;;;;;;;;;;;;;;;;;;;;;;;;;;;;;
65;420;-1815898.026;-1815898.026;-1815898.026;-1815898.026;-1815898.026;-1815898.026;-1815898.026;-1815898.026;-1815898.026;-1815898.026;-1815898.026;;;;;;;;;;;;;;;;;;;;;;;;;;;;;;;;;;;;;
66;425;-1815901.025;-1815901.025;-1815901.025;-1815901.025;-1815901.025;-1815901.025;-1815901.025;-1815901.025;-1815901.025;-1815901.025;-1815901.025;;;;;;;;;;;;;;;;;;;;;;;;;;;;;;;;;;;;;
67;430;-1815904.043;-1815904.043;-1815904.043;-1815904.043;-1815904.043;-1815904.043;-1815904.043;-1815904.043;-1815904.043;-1815904.043;-1815904.043;;;;;;;;;;;;;;;;;;;;;;;;;;;;;;;;;;;;;
68;435;-1815907.08;-1815907.08;-1815907.08;-1815907.08;-1815907.08;-1815907.08;-1815907.08;-1815907.08;-1815907.08;-1815907.08;-1815907.08;;;;;;;;;;;;;;;;;;;;;;;;;;;;;;;;;;;;;
69;440;-1815910.136;-1815910.136;-1815910.136;-1815910.136;-1815910.136;-1815910.136;-1815910.136;-1815910.136;-1815910.136;-1815910.136;-1815910.136;;;;;;;;;;;;;;;;;;;;;;;;;;;;;;;;;;;;;
70;445;-1815913.21;-1815913.21;-1815913.21;-1815913.21;-1815913.21;-1815913.21;-1815913.21;-1815913.21;-1815913.21;-1815913.21;-1815913.21;;;;;;;;;;;;;;;;;;;;;;;;;;;;;;;;;;;;;
71;450;-1815916.304;-1815916.304;-1815916.304;-1815916.304;-1815916.304;-1815916.304;-1815916.304;-1815916.304;-1815916.304;-1815916.304;-1815916.304;;;;;;;;;;;;;;;;;;;;;;;;;;;;;;;;;;;;;
72;455;-1815919.416;-1815919.416;-1815919.416;-1815919.416;-1815919.416;-1815919.416;-1815919.416;-1815919.416;-1815919.416;-1815919.416;-1815919.416;;;;;;;;;;;;;;;;;;;;;;;;;;;;;;;;;;;;;
73;460;-1815922.547;-1815922.547;-1815922.547;-1815922.547;-1815922.547;-1815922.547;-1815922.547;-1815922.547;-1815922.547;-1815922.547;-1815922.547;;;;;;;;;;;;;;;;;;;;;;;;;;;;;;;;;;;;;
74;465;-1815925.697;-1815925.697;-1815925.697;-1815925.697;-1815925.697;-1815925.697;-1815925.697;-1815925.697;-1815925.697;-1815925.697;-1815925.697;;;;;;;;;;;;;;;;;;;;;;;;;;;;;;;;;;;;;
75;470;-1815928.865;-1815928.865;-1815928.865;-1815928.865;-1815928.865;-1815928.865;-1815928.865;-1815928.865;-1815928.865;-1815928.865;-1815928.865;;;;;;;;;;;;;;;;;;;;;;;;;;;;;;;;;;;;;
76;475;-1815932.052;-1815932.052;-1815932.052;-1815932.052;-1815932.052;-1815932.052;-1815932.052;-1815932.052;-1815932.052;-1815932.052;-1815932.052;;;;;;;;;;;;;;;;;;;;;;;;;;;;;;;;;;;;;
77;480;-1815935.257;-1815935.257;-1815935.257;-1815935.257;-1815935.257;-1815935.257;-1815935.257;-1815935.257;-1815935.257;-1815935.257;-1815935.257;;;;;;;;;;;;;;;;;;;;;;;;;;;;;;;;;;;;;
78;485;-1815938.482;-1815938.482;-1815938.482;-1815938.482;-1815938.482;-1815938.482;-1815938.482;-1815938.482;-1815938.482;-1815938.482;-1815938.482;;;;;;;;;;;;;;;;;;;;;;;;;;;;;;;;;;;;;
79;490;-1815941.724;-1815941.724;-1815941.724;-1815941.724;-1815941.724;-1815941.724;-1815941.724;-1815941.724;-1815941.724;-1815941.724;-1815941.724;;;;;;;;;;;;;;;;;;;;;;;;;;;;;;;;;;;;;
80;495;-1815944.986;-1815944.986;-1815944.986;-1815944.986;-1815944.986;-1815944.986;-1815944.986;-1815944.986;-1815944.986;-1815944.986;-1815944.986;;;;;;;;;;;;;;;;;;;;;;;;;;;;;;;;;;;;;
81;500;-1815948.265;-1815948.265;-1815948.265;-1815948.265;-1815948.265;-1815948.265;-1815948.265;-1815948.265;-1815948.265;-1815948.265;-1815948.265;;;;;;;;;;;;;;;;;;;;;;;;;;;;;;;;;;;;;
82;505;-1815951.563;-1815951.563;-1815951.563;-1815951.563;-1815951.563;-1815951.563;-1815951.563;-1815951.563;-1815951.563;-1815951.563;-1815951.563;;;;;;;;;;;;;;;;;;;;;;;;;;;;;;;;;;;;;
83;510;-1815954.88;-1815954.88;-1815954.88;-1815954.88;-1815954.88;-1815954.88;-1815954.88;-1815954.88;-1815954.88;-1815954.88;-1815954.88;;;;;;;;;;;;;;;;;;;;;;;;;;;;;;;;;;;;;
84;515;-1815958.215;-1815958.215;-1815958.215;-1815958.215;-1815958.215;-1815958.215;-1815958.215;-1815958.215;-1815958.215;-1815958.215;-1815958.215;;;;;;;;;;;;;;;;;;;;;;;;;;;;;;;;;;;;;
85;520;-1815961.568;-1815961.568;-1815961.568;-1815961.568;-1815961.568;-1815961.568;-1815961.568;-1815961.568;-1815961.568;-1815961.568;-1815961.568;;;;;;;;;;;;;;;;;;;;;;;;;;;;;;;;;;;;;
86;525;-1815964.939;-1815964.939;-1815964.939;-1815964.939;-1815964.939;-1815964.939;-1815964.939;-1815964.939;-1815964.939;-1815964.939;-1815964.939;;;;;;;;;;;;;;;;;;;;;;;;;;;;;;;;;;;;;
87;530;-1815968.329;-1815968.329;-1815968.329;-1815968.329;-1815968.329;-1815968.329;-1815968.329;-1815968.329;-1815968.329;-1815968.329;-1815968.329;;;;;;;;;;;;;;;;;;;;;;;;;;;;;;;;;;;;;
88;535;-1815971.737;-1815971.737;-1815971.737;-1815971.737;-1815971.737;-1815971.737;-1815971.737;-1815971.737;-1815971.737;-1815971.737;-1815971.737;;;;;;;;;;;;;;;;;;;;;;;;;;;;;;;;;;;;;
89;540;-1815975.163;-1815975.163;-1815975.163;-1815975.163;-1815975.163;-1815975.163;-1815975.163;-1815975.163;-1815975.163;-1815975.163;-1815975.163;;;;;;;;;;;;;;;;;;;;;;;;;;;;;;;;;;;;;
90;545;-1815978.607;-1815978.607;-1815978.607;-1815978.607;-1815978.607;-1815978.607;-1815978.607;-1815978.607;-1815978.607;-1815978.607;-1815978.607;;;;;;;;;;;;;;;;;;;;;;;;;;;;;;;;;;;;;
91;550;-1815982.069;-1815982.069;-1815982.069;-1815982.069;-1815982.069;-1815982.069;-1815982.069;-1815982.069;-1815982.069;-1815982.069;-1815982.069;;;;;;;;;;;;;;;;;;;;;;;;;;;;;;;;;;;;;
92;555;-1815985.549;-1815985.549;-1815985.549;-1815985.549;-1815985.549;-1815985.549;-1815985.549;-1815985.549;-1815985.549;-1815985.549;-1815985.549;;;;;;;;;;;;;;;;;;;;;;;;;;;;;;;;;;;;;
93;560;-1815989.047;-1815989.047;-1815989.047;-1815989.047;-1815989.047;-1815989.047;-1815989.047;-1815989.047;-1815989.047;-1815989.047;-1815989.047;;;;;;;;;;;;;;;;;;;;;;;;;;;;;;;;;;;;;
94;565;-1815992.563;-1815992.563;-1815992.563;-1815992.563;-1815992.563;-1815992.563;-1815992.563;-1815992.563;-1815992.563;-1815992.563;-1815992.563;;;;;;;;;;;;;;;;;;;;;;;;;;;;;;;;;;;;;
95;570;-1815996.097;-1815996.097;-1815996.097;-1815996.097;-1815996.097;-1815996.097;-1815996.097;-1815996.097;-1815996.097;-1815996.097;-1815996.097;;;;;;;;;;;;;;;;;;;;;;;;;;;;;;;;;;;;;
96;575;-1815999.648;-1815999.648;-1815999.648;-1815999.648;-1815999.648;-1815999.648;-1815999.648;-1815999.648;-1815999.648;-1815999.648;-1815999.648;;;;;;;;;;;;;;;;;;;;;;;;;;;;;;;;;;;;;
97;580;-1816003.218;-1816003.218;-1816003.218;-1816003.218;-1816003.218;-1816003.218;-1816003.218;-1816003.218;-1816003.218;-1816003.218;-1816003.218;;;;;;;;;;;;;;;;;;;;;;;;;;;;;;;;;;;;;
98;585;-1816006.805;-1816006.805;-1816006.805;-1816006.805;-1816006.805;-1816006.805;-1816006.805;-1816006.805;-1816006.805;-1816006.805;-1816006.805;;;;;;;;;;;;;;;;;;;;;;;;;;;;;;;;;;;;;
99;590;-1816010.41;-1816010.41;-1816010.41;-1816010.41;-1816010.41;-1816010.41;-1816010.41;-1816010.41;-1816010.41;-1816010.41;-1816010.41;;;;;;;;;;;;;;;;;;;;;;;;;;;;;;;;;;;;;
100;595;-1816014.032;-1816014.032;-1816014.032;-1816014.032;-1816014.032;-1816014.032;-1816014.032;-1816014.032;-1816014.032;-1816014.032;-1816014.032;;;;;;;;;;;;;;;;;;;;;;;;;;;;;;;;;;;;;
101;600;-1816017.672;-1816017.672;-1816017.672;-1816017.672;-1816017.672;-1816017.672;-1816017.672;-1816017.672;-1816017.672;-1816017.672;-1816017.672;;;;;;;;;;;;;;;;;;;;;;;;;;;;;;;;;;;;;
102;605;-1816021.329;-1816021.329;-1816021.329;-1816021.329;-1816021.329;-1816021.329;-1816021.329;-1816021.329;-1816021.329;-1816021.329;-1816021.329;;;;;;;;;;;;;;;;;;;;;;;;;;;;;;;;;;;;;
103;610;-1816025.004;-1816025.004;-1816025.004;-1816025.004;-1816025.004;-1816025.004;-1816025.004;-1816025.004;-1816025.004;-1816025.004;-1816025.004;;;;;;;;;;;;;;;;;;;;;;;;;;;;;;;;;;;;;
104;615;-1816028.697;-1816028.697;-1816028.697;-1816028.697;-1816028.697;-1816028.697;-1816028.697;-1816028.697;-1816028.697;-1816028.697;-1816028.697;;;;;;;;;;;;;;;;;;;;;;;;;;;;;;;;;;;;;
105;620;-1816032.407;-1816032.407;-1816032.407;-1816032.407;-1816032.407;-1816032.407;-1816032.407;-1816032.407;-1816032.407;-1816032.407;-1816032.407;;;;;;;;;;;;;;;;;;;;;;;;;;;;;;;;;;;;;
106;625;-1816036.134;-1816036.134;-1816036.134;-1816036.134;-1816036.134;-1816036.134;-1816036.134;-1816036.134;-1816036.134;-1816036.134;-1816036.134;;;;;;;;;;;;;;;;;;;;;;;;;;;;;;;;;;;;;
107;630;-1816039.878;-1816039.878;-1816039.878;-1816039.878;-1816039.878;-1816039.878;-1816039.878;-1816039.878;-1816039.878;-1816039.878;-1816039.878;;;;;;;;;;;;;;;;;;;;;;;;;;;;;;;;;;;;;
108;635;-1816043.64;-1816043.64;-1816043.64;-1816043.64;-1816043.64;-1816043.64;-1816043.64;-1816043.64;-1816043.64;-1816043.64;-1816043.64;;;;;;;;;;;;;;;;;;;;;;;;;;;;;;;;;;;;;
109;640;-1816047.419;-1816047.419;-1816047.419;-1816047.419;-1816047.419;-1816047.419;-1816047.419;-1816047.419;-1816047.419;-1816047.419;-1816047.419;;;;;;;;;;;;;;;;;;;;;;;;;;;;;;;;;;;;;
110;645;-1816051.215;-1816051.215;-1816051.215;-1816051.215;-1816051.215;-1816051.215;-1816051.215;-1816051.215;-1816051.215;-1816051.215;-1816051.215;;;;;;;;;;;;;;;;;;;;;;;;;;;;;;;;;;;;;
111;650;-1816055.028;-1816055.028;-1816055.028;-1816055.028;-1816055.028;-1816055.028;-1816055.028;-1816055.028;-1816055.028;-1816055.028;-1816055.028;;;;;;;;;;;;;;;;;;;;;;;;;;;;;;;;;;;;;
112;655;-1816058.858;-1816058.858;-1816058.858;-1816058.858;-1816058.858;-1816058.858;-1816058.858;-1816058.858;-1816058.858;-1816058.858;-1816058.858;;;;;;;;;;;;;;;;;;;;;;;;;;;;;;;;;;;;;
113;660;-1816062.705;-1816062.705;-1816062.705;-1816062.705;-1816062.705;-1816062.705;-1816062.705;-1816062.705;-1816062.705;-1816062.705;-1816062.705;;;;;;;;;;;;;;;;;;;;;;;;;;;;;;;;;;;;;
114;665;-1816066.569;-1816066.569;-1816066.569;-1816066.569;-1816066.569;-1816066.569;-1816066.569;-1816066.569;-1816066.569;-1816066.569;-1816066.569;;;;;;;;;;;;;;;;;;;;;;;;;;;;;;;;;;;;;
115;670;-1816070.449;-1816070.449;-1816070.449;-1816070.449;-1816070.449;-1816070.449;-1816070.449;-1816070.449;-1816070.449;-1816070.449;-1816070.449;;;;;;;;;;;;;;;;;;;;;;;;;;;;;;;;;;;;;
116;675;-1816074.347;-1816074.347;-1816074.347;-1816074.347;-1816074.347;-1816074.347;-1816074.347;-1816074.347;-1816074.347;-1816074.347;-1816074.347;;;;;;;;;;;;;;;;;;;;;;;;;;;;;;;;;;;;;
117;680;-1816078.262;-1816078.262;-1816078.262;-1816078.262;-1816078.262;-1816078.262;-1816078.262;-1816078.262;-1816078.262;-1816078.262;-1816078.262;;;;;;;;;;;;;;;;;;;;;;;;;;;;;;;;;;;;;
118;685;-1816082.193;-1816082.193;-1816082.193;-1816082.193;-1816082.193;-1816082.193;-1816082.193;-1816082.193;-1816082.193;-1816082.193;-1816082.193;;;;;;;;;;;;;;;;;;;;;;;;;;;;;;;;;;;;;
119;690;-1816086.141;-1816086.141;-1816086.141;-1816086.141;-1816086.141;-1816086.141;-1816086.141;-1816086.141;-1816086.141;-1816086.141;-1816086.141;;;;;;;;;;;;;;;;;;;;;;;;;;;;;;;;;;;;;
120;695;-1816090.105;-1816090.105;-1816090.105;-1816090.105;-1816090.105;-1816090.105;-1816090.105;-1816090.105;-1816090.105;-1816090.105;-1816090.105;;;;;;;;;;;;;;;;;;;;;;;;;;;;;;;;;;;;;
121;700;-1816094.086;-1816094.086;-1816094.086;-1816094.086;-1816094.086;-1816094.086;-1816094.086;-1816094.086;-1816094.086;-1816094.086;-1816094.086;;;;;;;;;;;;;;;;;;;;;;;;;;;;;;;;;;;;;
122;705;-1816098.084;-1816098.084;-1816098.084;-1816098.084;-1816098.084;-1816098.084;-1816098.084;-1816098.084;-1816098.084;-1816098.084;-1816098.084;;;;;;;;;;;;;;;;;;;;;;;;;;;;;;;;;;;;;
123;710;-1816102.098;-1816102.098;-1816102.098;-1816102.098;-1816102.098;-1816102.098;-1816102.098;-1816102.098;-1816102.098;-1816102.098;-1816102.098;;;;;;;;;;;;;;;;;;;;;;;;;;;;;;;;;;;;;
124;715;-1816106.129;-1816106.129;-1816106.129;-1816106.129;-1816106.129;-1816106.129;-1816106.129;-1816106.129;-1816106.129;-1816106.129;-1816106.129;;;;;;;;;;;;;;;;;;;;;;;;;;;;;;;;;;;;;
125;720;-1816110.175;-1816110.175;-1816110.175;-1816110.175;-1816110.175;-1816110.175;-1816110.175;-1816110.175;-1816110.175;-1816110.175;-1816110.175;;;;;;;;;;;;;;;;;;;;;;;;;;;;;;;;;;;;;
126;725;-1816114.239;-1816114.239;-1816114.239;-1816114.239;-1816114.239;-1816114.239;-1816114.239;-1816114.239;-1816114.239;-1816114.239;-1816114.239;;;;;;;;;;;;;;;;;;;;;;;;;;;;;;;;;;;;;
127;730;-1816118.318;-1816118.318;-1816118.318;-1816118.318;-1816118.318;-1816118.318;-1816118.318;-1816118.318;-1816118.318;-1816118.318;-1816118.318;;;;;;;;;;;;;;;;;;;;;;;;;;;;;;;;;;;;;
128;735;-1816122.414;-1816122.414;-1816122.414;-1816122.414;-1816122.414;-1816122.414;-1816122.414;-1816122.414;-1816122.414;-1816122.414;-1816122.414;;;;;;;;;;;;;;;;;;;;;;;;;;;;;;;;;;;;;
129;740;-1816126.526;-1816126.526;-1816126.526;-1816126.526;-1816126.526;-1816126.526;-1816126.526;-1816126.526;-1816126.526;-1816126.526;-1816126.526;;;;;;;;;;;;;;;;;;;;;;;;;;;;;;;;;;;;;
130;745;-1816130.654;-1816130.654;-1816130.654;-1816130.654;-1816130.654;-1816130.654;-1816130.654;-1816130.654;-1816130.654;-1816130.654;-1816130.654;;;;;;;;;;;;;;;;;;;;;;;;;;;;;;;;;;;;;
131;750;-1816134.798;-1816134.798;-1816134.798;-1816134.798;-1816134.798;-1816134.798;-1816134.798;-1816134.798;-1816134.798;-1816134.798;-1816134.798;;;;;;;;;;;;;;;;;;;;;;;;;;;;;;;;;;;;;
132;755;-1816138.958;-1816138.958;-1816138.958;-1816138.958;-1816138.958;-1816138.958;-1816138.958;-1816138.958;-1816138.958;-1816138.958;-1816138.958;;;;;;;;;;;;;;;;;;;;;;;;;;;;;;;;;;;;;
133;760;-1816143.134;-1816143.134;-1816143.134;-1816143.134;-1816143.134;-1816143.134;-1816143.134;-1816143.134;-1816143.134;-1816143.134;-1816143.134;;;;;;;;;;;;;;;;;;;;;;;;;;;;;;;;;;;;;
134;765;-1816147.326;-1816147.326;-1816147.326;-1816147.326;-1816147.326;-1816147.326;-1816147.326;-1816147.326;-1816147.326;-1816147.326;-1816147.326;;;;;;;;;;;;;;;;;;;;;;;;;;;;;;;;;;;;;
135;770;-1816151.534;-1816151.534;-1816151.534;-1816151.534;-1816151.534;-1816151.534;-1816151.534;-1816151.534;-1816151.534;-1816151.534;-1816151.534;;;;;;;;;;;;;;;;;;;;;;;;;;;;;;;;;;;;;
136;775;-1816155.758;-1816155.758;-1816155.758;-1816155.758;-1816155.758;-1816155.758;-1816155.758;-1816155.758;-1816155.758;-1816155.758;-1816155.758;;;;;;;;;;;;;;;;;;;;;;;;;;;;;;;;;;;;;
137;780;-1816159.998;-1816159.998;-1816159.998;-1816159.998;-1816159.998;-1816159.998;-1816159.998;-1816159.998;-1816159.998;-1816159.998;-1816159.998;;;;;;;;;;;;;;;;;;;;;;;;;;;;;;;;;;;;;
138;785;-1816164.253;-1816164.253;-1816164.253;-1816164.253;-1816164.253;-1816164.253;-1816164.253;-1816164.253;-1816164.253;-1816164.253;-1816164.253;;;;;;;;;;;;;;;;;;;;;;;;;;;;;;;;;;;;;
139;790;-1816168.524;-1816168.524;-1816168.524;-1816168.524;-1816168.524;-1816168.524;-1816168.524;-1816168.524;-1816168.524;-1816168.524;-1816168.524;;;;;;;;;;;;;;;;;;;;;;;;;;;;;;;;;;;;;
140;795;-1816172.811;-1816172.811;-1816172.811;-1816172.811;-1816172.811;-1816172.811;-1816172.811;-1816172.811;-1816172.811;-1816172.811;-1816172.811;;;;;;;;;;;;;;;;;;;;;;;;;;;;;;;;;;;;;
141;800;-1816177.113;-1816177.113;-1816177.113;-1816177.113;-1816177.113;-1816177.113;-1816177.113;-1816177.113;-1816177.113;-1816177.113;-1816177.113;;;;;;;;;;;;;;;;;;;;;;;;;;;;;;;;;;;;;
142;805;-1816181.431;-1816181.431;-1816181.431;-1816181.431;-1816181.431;-1816181.431;-1816181.431;-1816181.431;-1816181.431;-1816181.431;-1816181.431;;;;;;;;;;;;;;;;;;;;;;;;;;;;;;;;;;;;;
143;810;-1816185.764;-1816185.764;-1816185.764;-1816185.764;-1816185.764;-1816185.764;-1816185.764;-1816185.764;-1816185.764;-1816185.764;-1816185.764;;;;;;;;;;;;;;;;;;;;;;;;;;;;;;;;;;;;;
144;815;-1816190.113;-1816190.113;-1816190.113;-1816190.113;-1816190.113;-1816190.113;-1816190.113;-1816190.113;-1816190.113;-1816190.113;-1816190.113;;;;;;;;;;;;;;;;;;;;;;;;;;;;;;;;;;;;;
145;820;-1816194.477;-1816194.477;-1816194.477;-1816194.477;-1816194.477;-1816194.477;-1816194.477;-1816194.477;-1816194.477;-1816194.477;-1816194.477;;;;;;;;;;;;;;;;;;;;;;;;;;;;;;;;;;;;;
146;825;-1816198.857;-1816198.857;-1816198.857;-1816198.857;-1816198.857;-1816198.857;-1816198.857;-1816198.857;-1816198.857;-1816198.857;-1816198.857;;;;;;;;;;;;;;;;;;;;;;;;;;;;;;;;;;;;;
147;830;-1816203.251;-1816203.251;-1816203.251;-1816203.251;-1816203.251;-1816203.251;-1816203.251;-1816203.251;-1816203.251;-1816203.251;-1816203.251;;;;;;;;;;;;;;;;;;;;;;;;;;;;;;;;;;;;;
148;835;-1816207.662;-1816207.662;-1816207.662;-1816207.662;-1816207.662;-1816207.662;-1816207.662;-1816207.662;-1816207.662;-1816207.662;-1816207.662;;;;;;;;;;;;;;;;;;;;;;;;;;;;;;;;;;;;;
149;840;-1816212.087;-1816212.087;-1816212.087;-1816212.087;-1816212.087;-1816212.087;-1816212.087;-1816212.087;-1816212.087;-1816212.087;-1816212.087;;;;;;;;;;;;;;;;;;;;;;;;;;;;;;;;;;;;;
150;845;-1816216.527;-1816216.527;-1816216.527;-1816216.527;-1816216.527;-1816216.527;-1816216.527;-1816216.527;-1816216.527;-1816216.527;-1816216.527;;;;;;;;;;;;;;;;;;;;;;;;;;;;;;;;;;;;;
151;850;-1816220.983;-1816220.983;-1816220.983;-1816220.983;-1816220.983;-1816220.983;-1816220.983;-1816220.983;-1816220.983;-1816220.983;-1816220.983;;;;;;;;;;;;;;;;;;;;;;;;;;;;;;;;;;;;;
152;855;-1816225.453;-1816225.453;-1816225.453;-1816225.453;-1816225.453;-1816225.453;-1816225.453;-1816225.453;-1816225.453;-1816225.453;-1816225.453;;;;;;;;;;;;;;;;;;;;;;;;;;;;;;;;;;;;;
153;860;-1816229.939;-1816229.939;-1816229.939;-1816229.939;-1816229.939;-1816229.939;-1816229.939;-1816229.939;-1816229.939;-1816229.939;-1816229.939;;;;;;;;;;;;;;;;;;;;;;;;;;;;;;;;;;;;;
154;865;-1816234.44;-1816234.44;-1816234.44;-1816234.44;-1816234.44;-1816234.44;-1816234.44;-1816234.44;-1816234.44;-1816234.44;-1816234.44;;;;;;;;;;;;;;;;;;;;;;;;;;;;;;;;;;;;;
155;870;-1816238.955;-1816238.955;-1816238.955;-1816238.955;-1816238.955;-1816238.955;-1816238.955;-1816238.955;-1816238.955;-1816238.955;-1816238.955;;;;;;;;;;;;;;;;;;;;;;;;;;;;;;;;;;;;;
156;875;-1816243.486;-1816243.486;-1816243.486;-1816243.486;-1816243.486;-1816243.486;-1816243.486;-1816243.486;-1816243.486;-1816243.486;-1816243.486;;;;;;;;;;;;;;;;;;;;;;;;;;;;;;;;;;;;;
157;880;-1816248.031;-1816248.031;-1816248.031;-1816248.031;-1816248.031;-1816248.031;-1816248.031;-1816248.031;-1816248.031;-1816248.031;-1816248.031;;;;;;;;;;;;;;;;;;;;;;;;;;;;;;;;;;;;;
158;885;-1816252.591;-1816252.591;-1816252.591;-1816252.591;-1816252.591;-1816252.591;-1816252.591;-1816252.591;-1816252.591;-1816252.591;-1816252.591;;;;;;;;;;;;;;;;;;;;;;;;;;;;;;;;;;;;;
159;890;-1816257.166;-1816257.166;-1816257.166;-1816257.166;-1816257.166;-1816257.166;-1816257.166;-1816257.166;-1816257.166;-1816257.166;-1816257.166;;;;;;;;;;;;;;;;;;;;;;;;;;;;;;;;;;;;;
160;895;-1816261.756;-1816261.756;-1816261.756;-1816261.756;-1816261.756;-1816261.756;-1816261.756;-1816261.756;-1816261.756;-1816261.756;-1816261.756;;;;;;;;;;;;;;;;;;;;;;;;;;;;;;;;;;;;;
161;900;-1816266.36;-1816266.36;-1816266.36;-1816266.36;-1816266.36;-1816266.36;-1816266.36;-1816266.36;-1816266.36;-1816266.36;-1816266.36;;;;;;;;;;;;;;;;;;;;;;;;;;;;;;;;;;;;;
162;905;-1816270.979;-1816270.979;-1816270.979;-1816270.979;-1816270.979;-1816270.979;-1816270.979;-1816270.979;-1816270.979;-1816270.979;-1816270.979;;;;;;;;;;;;;;;;;;;;;;;;;;;;;;;;;;;;;
163;910;-1816275.612;-1816275.612;-1816275.612;-1816275.612;-1816275.612;-1816275.612;-1816275.612;-1816275.612;-1816275.612;-1816275.612;-1816275.612;;;;;;;;;;;;;;;;;;;;;;;;;;;;;;;;;;;;;
164;915;-1816280.26;-1816280.26;-1816280.26;-1816280.26;-1816280.26;-1816280.26;-1816280.26;-1816280.26;-1816280.26;-1816280.26;-1816280.26;;;;;;;;;;;;;;;;;;;;;;;;;;;;;;;;;;;;;
165;920;-1816284.922;-1816284.922;-1816284.922;-1816284.922;-1816284.922;-1816284.922;-1816284.922;-1816284.922;-1816284.922;-1816284.922;-1816284.922;;;;;;;;;;;;;;;;;;;;;;;;;;;;;;;;;;;;;
166;925;-1816289.599;-1816289.599;-1816289.599;-1816289.599;-1816289.599;-1816289.599;-1816289.599;-1816289.599;-1816289.599;-1816289.599;-1816289.599;;;;;;;;;;;;;;;;;;;;;;;;;;;;;;;;;;;;;
167;930;-1816294.291;-1816294.291;-1816294.291;-1816294.291;-1816294.291;-1816294.291;-1816294.291;-1816294.291;-1816294.291;-1816294.291;-1816294.291;;;;;;;;;;;;;;;;;;;;;;;;;;;;;;;;;;;;;
168;935;-1816298.996;-1816298.996;-1816298.996;-1816298.996;-1816298.996;-1816298.996;-1816298.996;-1816298.996;-1816298.996;-1816298.996;-1816298.996;;;;;;;;;;;;;;;;;;;;;;;;;;;;;;;;;;;;;
169;940;-1816303.716;-1816303.716;-1816303.716;-1816303.716;-1816303.716;-1816303.716;-1816303.716;-1816303.716;-1816303.716;-1816303.716;-1816303.716;;;;;;;;;;;;;;;;;;;;;;;;;;;;;;;;;;;;;
170;945;-1816308.45;-1816308.45;-1816308.45;-1816308.45;-1816308.45;-1816308.45;-1816308.45;-1816308.45;-1816308.45;-1816308.45;-1816308.45;;;;;;;;;;;;;;;;;;;;;;;;;;;;;;;;;;;;;
171;950;-1816313.199;-1816313.199;-1816313.199;-1816313.199;-1816313.199;-1816313.199;-1816313.199;-1816313.199;-1816313.199;-1816313.199;-1816313.199;;;;;;;;;;;;;;;;;;;;;;;;;;;;;;;;;;;;;
172;955;-1816317.961;-1816317.961;-1816317.961;-1816317.961;-1816317.961;-1816317.961;-1816317.961;-1816317.961;-1816317.961;-1816317.961;-1816317.961;;;;;;;;;;;;;;;;;;;;;;;;;;;;;;;;;;;;;
173;960;-1816322.738;-1816322.738;-1816322.738;-1816322.738;-1816322.738;-1816322.738;-1816322.738;-1816322.738;-1816322.738;-1816322.738;-1816322.738;;;;;;;;;;;;;;;;;;;;;;;;;;;;;;;;;;;;;
174;965;-1816327.529;-1816327.529;-1816327.529;-1816327.529;-1816327.529;-1816327.529;-1816327.529;-1816327.529;-1816327.529;-1816327.529;-1816327.529;;;;;;;;;;;;;;;;;;;;;;;;;;;;;;;;;;;;;
175;970;-1816332.334;-1816332.334;-1816332.334;-1816332.334;-1816332.334;-1816332.334;-1816332.334;-1816332.334;-1816332.334;-1816332.334;-1816332.334;;;;;;;;;;;;;;;;;;;;;;;;;;;;;;;;;;;;;
176;975;-1816337.153;-1816337.153;-1816337.153;-1816337.153;-1816337.153;-1816337.153;-1816337.153;-1816337.153;-1816337.153;-1816337.153;-1816337.153;;;;;;;;;;;;;;;;;;;;;;;;;;;;;;;;;;;;;
177;980;-1816341.985;-1816341.985;-1816341.985;-1816341.985;-1816341.985;-1816341.985;-1816341.985;-1816341.985;-1816341.985;-1816341.985;-1816341.985;;;;;;;;;;;;;;;;;;;;;;;;;;;;;;;;;;;;;
178;985;-1816346.832;-1816346.832;-1816346.832;-1816346.832;-1816346.832;-1816346.832;-1816346.832;-1816346.832;-1816346.832;-1816346.832;-1816346.832;;;;;;;;;;;;;;;;;;;;;;;;;;;;;;;;;;;;;
179;990;-1816351.693;-1816351.693;-1816351.693;-1816351.693;-1816351.693;-1816351.693;-1816351.693;-1816351.693;-1816351.693;-1816351.693;-1816351.693;;;;;;;;;;;;;;;;;;;;;;;;;;;;;;;;;;;;;
180;995;-1816356.567;-1816356.567;-1816356.567;-1816356.567;-1816356.567;-1816356.567;-1816356.567;-1816356.567;-1816356.567;-1816356.567;-1816356.567;;;;;;;;;;;;;;;;;;;;;;;;;;;;;;;;;;;;;
181;1000;-1816361.456;-1816361.456;-1816361.456;-1816361.456;-1816361.456;-1816361.456;-1816361.456;-1816361.456;-1816361.456;-1816361.456;-1816361.456;;;;;;;;;;;;;;;;;;;;;;;;;;;;;;;;;;;;;
